{"assets/fire.json":["assets/fire.json"],"assets/icons/arrowLeft.svg":["assets/icons/arrowLeft.svg"],"assets/icons/arrowRight.svg":["assets/icons/arrowRight.svg"],"assets/icons/food.svg":["assets/icons/food.svg"],"assets/icons/none.svg":["assets/icons/none.svg"],"assets/icons/table.svg":["assets/icons/table.svg"],"assets/menu/가자미구이.webp":["assets/menu/가자미구이.webp"],"assets/menu/가자미살커리구이.webp":["assets/menu/가자미살커리구이.webp"],"assets/menu/가지나물.webp":["assets/menu/가지나물.webp"],"assets/menu/갈비만두찜.webp":["assets/menu/갈비만두찜.webp"],"assets/menu/갈치구이.webp":["assets/menu/갈치구이.webp"],"assets/menu/감자국.webp":["assets/menu/감자국.webp"],"assets/menu/감자조림.webp":["assets/menu/감자조림.webp"],"assets/menu/감자채볶음.webp":["assets/menu/감자채볶음.webp"],"assets/menu/감자튀김.webp":["assets/menu/감자튀김.webp"],"assets/menu/갓김치.webp":["assets/menu/갓김치.webp"],"assets/menu/건새우아욱국.webp":["assets/menu/건새우아욱국.webp"],"assets/menu/건파래볶음.webp":["assets/menu/건파래볶음.webp"],"assets/menu/계란말이.webp":["assets/menu/계란말이.webp"],"assets/menu/계란장조림.webp":["assets/menu/계란장조림.webp"],"assets/menu/계란찜.webp":["assets/menu/계란찜.webp"],"assets/menu/계란후라이.webp":["assets/menu/계란후라이.webp"],"assets/menu/고구마순볶음.webp":["assets/menu/고구마순볶음.webp"],"assets/menu/고등어구이.webp":["assets/menu/고등어구이.webp"],"assets/menu/고사리나물.webp":["assets/menu/고사리나물.webp"],"assets/menu/고추잡채_꽃빵.webp":["assets/menu/고추잡채_꽃빵.webp"],"assets/menu/곤드레나물밥_양념장.webp":["assets/menu/곤드레나물밥_양념장.webp"],"assets/menu/곤드레밥.webp":["assets/menu/곤드레밥.webp"],"assets/menu/곤약야채무침.webp":["assets/menu/곤약야채무침.webp"],"assets/menu/골드파인애플.webp":["assets/menu/골드파인애플.webp"],"assets/menu/과일샐러드.webp":["assets/menu/과일샐러드.webp"],"assets/menu/구슬아이스크림.webp":["assets/menu/구슬아이스크림.webp"],"assets/menu/귤.webp":["assets/menu/귤.webp"],"assets/menu/근대된장국.webp":["assets/menu/근대된장국.webp"],"assets/menu/기장밥.webp":["assets/menu/기장밥.webp"],"assets/menu/김가루주먹밥.webp":["assets/menu/김가루주먹밥.webp"],"assets/menu/김가루.webp":["assets/menu/김가루.webp"],"assets/menu/김무침.webp":["assets/menu/김무침.webp"],"assets/menu/김치만두국.webp":["assets/menu/김치만두국.webp"],"assets/menu/김치볶음밥.webp":["assets/menu/김치볶음밥.webp"],"assets/menu/김치전.webp":["assets/menu/김치전.webp"],"assets/menu/깍두기볶음밥.webp":["assets/menu/깍두기볶음밥.webp"],"assets/menu/깍두기.webp":["assets/menu/깍두기.webp"],"assets/menu/깐쇼새우.webp":["assets/menu/깐쇼새우.webp"],"assets/menu/깻잎순볶음.webp":["assets/menu/깻잎순볶음.webp"],"assets/menu/깻잎지.webp":["assets/menu/깻잎지.webp"],"assets/menu/꼬막무침.webp":["assets/menu/꼬막무침.webp"],"assets/menu/꼬막양념무침.webp":["assets/menu/꼬막양념무침.webp"],"assets/menu/꽁치구이.webp":["assets/menu/꽁치구이.webp"],"assets/menu/꽃게탕.webp":["assets/menu/꽃게탕.webp"],"assets/menu/꽈리고추멸치볶음.webp":["assets/menu/꽈리고추멸치볶음.webp"],"assets/menu/꽈리고추찜.webp":["assets/menu/꽈리고추찜.webp"],"assets/menu/꿀떡.webp":["assets/menu/꿀떡.webp"],"assets/menu/나박김치.webp":["assets/menu/나박김치.webp"],"assets/menu/낙지볶음.webp":["assets/menu/낙지볶음.webp"],"assets/menu/날치알밥.webp":["assets/menu/날치알밥.webp"],"assets/menu/냉국.webp":["assets/menu/냉국.webp"],"assets/menu/냉이된장국.webp":["assets/menu/냉이된장국.webp"],"assets/menu/너비아니구이.webp":["assets/menu/너비아니구이.webp"],"assets/menu/녹두닭다리삼계탕.webp":["assets/menu/녹두닭다리삼계탕.webp"],"assets/menu/느타리버섯볶음.webp":["assets/menu/느타리버섯볶음.webp"],"assets/menu/다시마튀각.webp":["assets/menu/다시마튀각.webp"],"assets/menu/단감.webp":["assets/menu/단감.webp"],"assets/menu/단무지무침.webp":["assets/menu/단무지무침.webp"],"assets/menu/단호박범벅.webp":["assets/menu/단호박범벅.webp"],"assets/menu/달걀장조림.webp":["assets/menu/달걀장조림.webp"],"assets/menu/달래오이무침.webp":["assets/menu/달래오이무침.webp"],"assets/menu/닭가슴살볶음.webp":["assets/menu/닭가슴살볶음.webp"],"assets/menu/닭가슴살샐러드.webp":["assets/menu/닭가슴살샐러드.webp"],"assets/menu/닭가슴살채소볶음.webp":["assets/menu/닭가슴살채소볶음.webp"],"assets/menu/닭갈비볶음.webp":["assets/menu/닭갈비볶음.webp"],"assets/menu/닭갈비.webp":["assets/menu/닭갈비.webp"],"assets/menu/닭강정.webp":["assets/menu/닭강정.webp"],"assets/menu/닭개장.webp":["assets/menu/닭개장.webp"],"assets/menu/닭고기덮밥.webp":["assets/menu/닭고기덮밥.webp"],"assets/menu/닭곰탕.webp":["assets/menu/닭곰탕.webp"],"assets/menu/닭꼬치.webp":["assets/menu/닭꼬치.webp"],"assets/menu/닭날개튀김.webp":["assets/menu/닭날개튀김.webp"],"assets/menu/닭다리바베큐구이.webp":["assets/menu/닭다리바베큐구이.webp"],"assets/menu/닭다리오븐구이.webp":["assets/menu/닭다리오븐구이.webp"],"assets/menu/닭볶음탕.webp":["assets/menu/닭볶음탕.webp"],"assets/menu/닭봉조림.webp":["assets/menu/닭봉조림.webp"],"assets/menu/닭윙조림.webp":["assets/menu/닭윙조림.webp"],"assets/menu/닭육개장.webp":["assets/menu/닭육개장.webp"],"assets/menu/닭칼국수.webp":["assets/menu/닭칼국수.webp"],"assets/menu/대구매운탕.webp":["assets/menu/대구매운탕.webp"],"assets/menu/도라지나물.webp":["assets/menu/도라지나물.webp"],"assets/menu/도토리묵.webp":["assets/menu/도토리묵.webp"],"assets/menu/도토리묵_양념장.webp":["assets/menu/도토리묵_양념장.webp"],"assets/menu/돈까스.webp":["assets/menu/돈까스.webp"],"assets/menu/돈육고추장볶음.webp":["assets/menu/돈육고추장볶음.webp"],"assets/menu/돈육고추장찌개.webp":["assets/menu/돈육고추장찌개.webp"],"assets/menu/돈육김치찌개.webp":["assets/menu/돈육김치찌개.webp"],"assets/menu/돈육불고기.webp":["assets/menu/돈육불고기.webp"],"assets/menu/돈육LA갈비찜.webp":["assets/menu/돈육LA갈비찜.webp"],"assets/menu/동그랑땡.webp":["assets/menu/동그랑땡.webp"],"assets/menu/동태전.webp":["assets/menu/동태전.webp"],"assets/menu/동태찌개.webp":["assets/menu/동태찌개.webp"],"assets/menu/돼지갈비감자탕.webp":["assets/menu/돼지갈비감자탕.webp"],"assets/menu/돼지갈비찜.webp":["assets/menu/돼지갈비찜.webp"],"assets/menu/된장찌개.webp":["assets/menu/된장찌개.webp"],"assets/menu/두부조림.webp":["assets/menu/두부조림.webp"],"assets/menu/들깨무채국.webp":["assets/menu/들깨무채국.webp"],"assets/menu/떠먹는요거트.webp":["assets/menu/떠먹는요거트.webp"],"assets/menu/떠먹는요구르트.webp":["assets/menu/떠먹는요구르트.webp"],"assets/menu/떠먹는_요구르트.webp":["assets/menu/떠먹는_요구르트.webp"],"assets/menu/떡갈비.webp":["assets/menu/떡갈비.webp"],"assets/menu/떡갈비_허니머스타드.webp":["assets/menu/떡갈비_허니머스타드.webp"],"assets/menu/떡꼬치.webp":["assets/menu/떡꼬치.webp"],"assets/menu/떡볶이.webp":["assets/menu/떡볶이.webp"],"assets/menu/마늘쫑볶음.webp":["assets/menu/마늘쫑볶음.webp"],"assets/menu/마시는요구르트.webp":["assets/menu/마시는요구르트.webp"],"assets/menu/만두강정.webp":["assets/menu/만두강정.webp"],"assets/menu/만두튀김.webp":["assets/menu/만두튀김.webp"],"assets/menu/만두.webp":["assets/menu/만두.webp"],"assets/menu/맑은순두부국.webp":["assets/menu/맑은순두부국.webp"],"assets/menu/맛살계란말이.webp":["assets/menu/맛살계란말이.webp"],"assets/menu/망고샐러드.webp":["assets/menu/망고샐러드.webp"],"assets/menu/매실장아찌무침.webp":["assets/menu/매실장아찌무침.webp"],"assets/menu/매운돈LA갈비찜.webp":["assets/menu/매운돈LA갈비찜.webp"],"assets/menu/매콤고갈비구이.webp":["assets/menu/매콤고갈비구이.webp"],"assets/menu/매콤닭갈비덮밥.webp":["assets/menu/매콤닭갈비덮밥.webp"],"assets/menu/매콤돈육고추장볶음.webp":["assets/menu/매콤돈육고추장볶음.webp"],"assets/menu/머핀.webp":["assets/menu/머핀.webp"],"assets/menu/메추리알조림.webp":["assets/menu/메추리알조림.webp"],"assets/menu/멜론.webp":["assets/menu/멜론.webp"],"assets/menu/멸치볶음.webp":["assets/menu/멸치볶음.webp"],"assets/menu/명엽채볶음.webp":["assets/menu/명엽채볶음.webp"],"assets/menu/무나물.webp":["assets/menu/무나물.webp"],"assets/menu/무말랭이김치.webp":["assets/menu/무말랭이김치.webp"],"assets/menu/무말랭이무침.webp":["assets/menu/무말랭이무침.webp"],"assets/menu/무생채.webp":["assets/menu/무생채.webp"],"assets/menu/무장아찌.webp":["assets/menu/무장아찌.webp"],"assets/menu/묵은지볶음.webp":["assets/menu/묵은지볶음.webp"],"assets/menu/물만두국.webp":["assets/menu/물만두국.webp"],"assets/menu/미나리무침.webp":["assets/menu/미나리무침.webp"],"assets/menu/미니닭봉조림.webp":["assets/menu/미니닭봉조림.webp"],"assets/menu/미니롤케익.webp":["assets/menu/미니롤케익.webp"],"assets/menu/미니슈.webp":["assets/menu/미니슈.webp"],"assets/menu/미니쌀핫도그.webp":["assets/menu/미니쌀핫도그.webp"],"assets/menu/미니컵라면.webp":["assets/menu/미니컵라면.webp"],"assets/menu/미니파인애플.webp":["assets/menu/미니파인애플.webp"],"assets/menu/미니피자.webp":["assets/menu/미니피자.webp"],"assets/menu/미니핫도그.webp":["assets/menu/미니핫도그.webp"],"assets/menu/미니햄버거.webp":["assets/menu/미니햄버거.webp"],"assets/menu/미소장국.webp":["assets/menu/미소장국.webp"],"assets/menu/미숫가루.webp":["assets/menu/미숫가루.webp"],"assets/menu/미역국.webp":["assets/menu/미역국.webp"],"assets/menu/미역줄기볶음.webp":["assets/menu/미역줄기볶음.webp"],"assets/menu/미트소스스파게티_또띠아.webp":["assets/menu/미트소스스파게티_또띠아.webp"],"assets/menu/바나나우유.webp":["assets/menu/바나나우유.webp"],"assets/menu/바나나.webp":["assets/menu/바나나.webp"],"assets/menu/바베큐닭다리구이.webp":["assets/menu/바베큐닭다리구이.webp"],"assets/menu/바지락순두부찌개.webp":["assets/menu/바지락순두부찌개.webp"],"assets/menu/발아현미밥.webp":["assets/menu/발아현미밥.webp"],"assets/menu/방울증편.webp":["assets/menu/방울증편.webp"],"assets/menu/방울토마토.webp":["assets/menu/방울토마토.webp"],"assets/menu/배추겉절이.webp":["assets/menu/배추겉절이.webp"],"assets/menu/배추김치.webp":["assets/menu/배추김치.webp"],"assets/menu/배추된장국.webp":["assets/menu/배추된장국.webp"],"assets/menu/백조기살 구이_오븐.webp":["assets/menu/백조기살 구이_오븐.webp"],"assets/menu/버섯들깨볶음.webp":["assets/menu/버섯들깨볶음.webp"],"assets/menu/버섯볶음.webp":["assets/menu/버섯볶음.webp"],"assets/menu/버섯콩나물밥.webp":["assets/menu/버섯콩나물밥.webp"],"assets/menu/베이글_크림치즈.webp":["assets/menu/베이글_크림치즈.webp"],"assets/menu/베이컨계란토스트.webp":["assets/menu/베이컨계란토스트.webp"],"assets/menu/베이컨토스트.webp":["assets/menu/베이컨토스트.webp"],"assets/menu/보리밥.webp":["assets/menu/보리밥.webp"],"assets/menu/볶음밥.webp":["assets/menu/볶음밥.webp"],"assets/menu/봄동겉절이.webp":["assets/menu/봄동겉절이.webp"],"assets/menu/봄동나물.webp":["assets/menu/봄동나물.webp"],"assets/menu/부대찌개.webp":["assets/menu/부대찌개.webp"],"assets/menu/부추겉절이.webp":["assets/menu/부추겉절이.webp"],"assets/menu/북어채무국.webp":["assets/menu/북어채무국.webp"],"assets/menu/북어콩나물국.webp":["assets/menu/북어콩나물국.webp"],"assets/menu/불고기.webp":["assets/menu/불고기.webp"],"assets/menu/브로콜리느타리초무침.webp":["assets/menu/브로콜리느타리초무침.webp"],"assets/menu/브로콜리새우볶음밥.webp":["assets/menu/브로콜리새우볶음밥.webp"],"assets/menu/브로콜리크림스프.webp":["assets/menu/브로콜리크림스프.webp"],"assets/menu/브로콜리_초장.webp":["assets/menu/브로콜리_초장.webp"],"assets/menu/비빔냉면.webp":["assets/menu/비빔냉면.webp"],"assets/menu/비빔밥.webp":["assets/menu/비빔밥.webp"],"assets/menu/비엔나볶음.webp":["assets/menu/비엔나볶음.webp"],"assets/menu/비엔나케첩조림.webp":["assets/menu/비엔나케첩조림.webp"],"assets/menu/비피더스.webp":["assets/menu/비피더스.webp"],"assets/menu/뼈없는갈비탕.webp":["assets/menu/뼈없는갈비탕.webp"],"assets/menu/쁘띠첼.webp":["assets/menu/쁘띠첼.webp"],"assets/menu/사골우거지국.webp":["assets/menu/사골우거지국.webp"],"assets/menu/사과당근주스.webp":["assets/menu/사과당근주스.webp"],"assets/menu/사과주스.webp":["assets/menu/사과주스.webp"],"assets/menu/사과파이.webp":["assets/menu/사과파이.webp"],"assets/menu/사과.webp":["assets/menu/사과.webp"],"assets/menu/삼계탕.webp":["assets/menu/삼계탕.webp"],"assets/menu/삼색나물.webp":["assets/menu/삼색나물.webp"],"assets/menu/삼치구이.webp":["assets/menu/삼치구이.webp"],"assets/menu/상추겉절이.webp":["assets/menu/상추겉절이.webp"],"assets/menu/상추_치커리겉절이.webp":["assets/menu/상추_치커리겉절이.webp"],"assets/menu/새송이오이초무침.webp":["assets/menu/새송이오이초무침.webp"],"assets/menu/새싹비빔밥.webp":["assets/menu/새싹비빔밥.webp"],"assets/menu/새우버거.webp":["assets/menu/새우버거.webp"],"assets/menu/새우볶음밥.webp":["assets/menu/새우볶음밥.webp"],"assets/menu/새우튀김.webp":["assets/menu/새우튀김.webp"],"assets/menu/샌드위치.webp":["assets/menu/샌드위치.webp"],"assets/menu/샐러드.webp":["assets/menu/샐러드.webp"],"assets/menu/생선까스.webp":["assets/menu/생선까스.webp"],"assets/menu/생선까스_타르타르소스.webp":["assets/menu/생선까스_타르타르소스.webp"],"assets/menu/섞박지.webp":["assets/menu/섞박지.webp"],"assets/menu/소고기덮밥.webp":["assets/menu/소고기덮밥.webp"],"assets/menu/소고기버섯볶음.webp":["assets/menu/소고기버섯볶음.webp"],"assets/menu/소고기육개장.webp":["assets/menu/소고기육개장.webp"],"assets/menu/쇠고기김치볶음밥.webp":["assets/menu/쇠고기김치볶음밥.webp"],"assets/menu/쇠고기당면찜.webp":["assets/menu/쇠고기당면찜.webp"],"assets/menu/쇠고기떡국.webp":["assets/menu/쇠고기떡국.webp"],"assets/menu/쇠고기무국.webp":["assets/menu/쇠고기무국.webp"],"assets/menu/쇠고기미역국.webp":["assets/menu/쇠고기미역국.webp"],"assets/menu/쇠고기버섯전골.webp":["assets/menu/쇠고기버섯전골.webp"],"assets/menu/쇠고기장조림.webp":["assets/menu/쇠고기장조림.webp"],"assets/menu/쇠고기폭찹.webp":["assets/menu/쇠고기폭찹.webp"],"assets/menu/수박.webp":["assets/menu/수박.webp"],"assets/menu/수수팥경단.webp":["assets/menu/수수팥경단.webp"],"assets/menu/수제떡갈비.webp":["assets/menu/수제떡갈비.webp"],"assets/menu/수제소시지볶음.webp":["assets/menu/수제소시지볶음.webp"],"assets/menu/숙주나물.webp":["assets/menu/숙주나물.webp"],"assets/menu/순대국.webp":["assets/menu/순대국.webp"],"assets/menu/순두부찌개.webp":["assets/menu/순두부찌개.webp"],"assets/menu/순살치킨.webp":["assets/menu/순살치킨.webp"],"assets/menu/스위트번.webp":["assets/menu/스위트번.webp"],"assets/menu/스크램블에그.webp":["assets/menu/스크램블에그.webp"],"assets/menu/스크램블에그_새우볶음밥.webp":["assets/menu/스크램블에그_새우볶음밥.webp"],"assets/menu/스트링치즈.webp":["assets/menu/스트링치즈.webp"],"assets/menu/스파게티.webp":["assets/menu/스파게티.webp"],"assets/menu/시금치나물무침.webp":["assets/menu/시금치나물무침.webp"],"assets/menu/시금치나물.webp":["assets/menu/시금치나물.webp"],"assets/menu/시금치된장국.webp":["assets/menu/시금치된장국.webp"],"assets/menu/시금치무침.webp":["assets/menu/시금치무침.webp"],"assets/menu/시락국.webp":["assets/menu/시락국.webp"],"assets/menu/시래기밥_양념장.webp":["assets/menu/시래기밥_양념장.webp"],"assets/menu/시래기지짐.webp":["assets/menu/시래기지짐.webp"],"assets/menu/식혜.webp":["assets/menu/식혜.webp"],"assets/menu/식혜_귤.webp":["assets/menu/식혜_귤.webp"],"assets/menu/신선야채.webp":["assets/menu/신선야채.webp"],"assets/menu/쌀과자.webp":["assets/menu/쌀과자.webp"],"assets/menu/쌀밥.webp":["assets/menu/쌀밥.webp"],"assets/menu/쌀쿠키.webp":["assets/menu/쌀쿠키.webp"],"assets/menu/쑥개떡.webp":["assets/menu/쑥개떡.webp"],"assets/menu/씨리얼.webp":["assets/menu/씨리얼.webp"],"assets/menu/아욱국.webp":["assets/menu/아욱국.webp"],"assets/menu/아이스크림.webp":["assets/menu/아이스크림.webp"],"assets/menu/아침밥_유기농식혜.webp":["assets/menu/아침밥_유기농식혜.webp"],"assets/menu/안동찜닭.webp":["assets/menu/안동찜닭.webp"],"assets/menu/애호박볶음.webp":["assets/menu/애호박볶음.webp"],"assets/menu/야채겉절이.webp":["assets/menu/야채겉절이.webp"],"assets/menu/야채계란찜.webp":["assets/menu/야채계란찜.webp"],"assets/menu/야채볶음밥.webp":["assets/menu/야채볶음밥.webp"],"assets/menu/야채튀김.webp":["assets/menu/야채튀김.webp"],"assets/menu/양념감자.webp":["assets/menu/양념감자.webp"],"assets/menu/양념깻잎.webp":["assets/menu/양념깻잎.webp"],"assets/menu/양념도토리묵.webp":["assets/menu/양념도토리묵.webp"],"assets/menu/양념두부.webp":["assets/menu/양념두부.webp"],"assets/menu/양배추샐러드.webp":["assets/menu/양배추샐러드.webp"],"assets/menu/양배추찜_쌈장.webp":["assets/menu/양배추찜_쌈장.webp"],"assets/menu/양상추샐러드.webp":["assets/menu/양상추샐러드.webp"],"assets/menu/어묵국.webp":["assets/menu/어묵국.webp"],"assets/menu/어묵볶음.webp":["assets/menu/어묵볶음.webp"],"assets/menu/얼갈이된장국.webp":["assets/menu/얼갈이된장국.webp"],"assets/menu/에그타르트.webp":["assets/menu/에그타르트.webp"],"assets/menu/연근조림.webp":["assets/menu/연근조림.webp"],"assets/menu/연두부_양념간장.webp":["assets/menu/연두부_양념간장.webp"],"assets/menu/연두부_양념장.webp":["assets/menu/연두부_양념장.webp"],"assets/menu/연어스테이크.webp":["assets/menu/연어스테이크.webp"],"assets/menu/열무김치.webp":["assets/menu/열무김치.webp"],"assets/menu/열무된장무침.webp":["assets/menu/열무된장무침.webp"],"assets/menu/오렌지주스.webp":["assets/menu/오렌지주스.webp"],"assets/menu/오렌지.webp":["assets/menu/오렌지.webp"],"assets/menu/오리불고기.webp":["assets/menu/오리불고기.webp"],"assets/menu/오리탕.webp":["assets/menu/오리탕.webp"],"assets/menu/오리훈제.webp":["assets/menu/오리훈제.webp"],"assets/menu/오리훈제_머스타드소스.webp":["assets/menu/오리훈제_머스타드소스.webp"],"assets/menu/오므라이스.webp":["assets/menu/오므라이스.webp"],"assets/menu/오삼불고기.webp":["assets/menu/오삼불고기.webp"],"assets/menu/오이김치.webp":["assets/menu/오이김치.webp"],"assets/menu/오이깍두기.webp":["assets/menu/오이깍두기.webp"],"assets/menu/오이도나스.webp":["assets/menu/오이도나스.webp"],"assets/menu/오이무침.webp":["assets/menu/오이무침.webp"],"assets/menu/오이부추무침.webp":["assets/menu/오이부추무침.webp"],"assets/menu/오이샐러드.webp":["assets/menu/오이샐러드.webp"],"assets/menu/오이생채.webp":["assets/menu/오이생채.webp"],"assets/menu/오이소박이무침.webp":["assets/menu/오이소박이무침.webp"],"assets/menu/오이소박이.webp":["assets/menu/오이소박이.webp"],"assets/menu/오이지무침.webp":["assets/menu/오이지무침.webp"],"assets/menu/오징어국.webp":["assets/menu/오징어국.webp"],"assets/menu/오징어젓갈.webp":["assets/menu/오징어젓갈.webp"],"assets/menu/오징어채무침.webp":["assets/menu/오징어채무침.webp"],"assets/menu/오징어초무침.webp":["assets/menu/오징어초무침.webp"],"assets/menu/오징어튀김.webp":["assets/menu/오징어튀김.webp"],"assets/menu/오징어_청경채볶음.webp":["assets/menu/오징어_청경채볶음.webp"],"assets/menu/옥수수수염차.webp":["assets/menu/옥수수수염차.webp"],"assets/menu/옹심이만두국.webp":["assets/menu/옹심이만두국.webp"],"assets/menu/와플.webp":["assets/menu/와플.webp"],"assets/menu/요거트.webp":["assets/menu/요거트.webp"],"assets/menu/요구르트.webp":["assets/menu/요구르트.webp"],"assets/menu/요플레.webp":["assets/menu/요플레.webp"],"assets/menu/우동국.webp":["assets/menu/우동국.webp"],"assets/menu/우엉채조림.webp":["assets/menu/우엉채조림.webp"],"assets/menu/우유.webp":["assets/menu/우유.webp"],"assets/menu/우유_시리얼.webp":["assets/menu/우유_시리얼.webp"],"assets/menu/웨지감자.webp":["assets/menu/웨지감자.webp"],"assets/menu/유채나물.webp":["assets/menu/유채나물.webp"],"assets/menu/육개장.webp":["assets/menu/육개장.webp"],"assets/menu/자몽주스.webp":["assets/menu/자몽주스.webp"],"assets/menu/자반고등어구이.webp":["assets/menu/자반고등어구이.webp"],"assets/menu/자장밥.webp":["assets/menu/자장밥.webp"],"assets/menu/잡곡밥.webp":["assets/menu/잡곡밥.webp"],"assets/menu/잡채.webp":["assets/menu/잡채.webp"],"assets/menu/장조림.webp":["assets/menu/장조림.webp"],"assets/menu/재첩국.webp":["assets/menu/재첩국.webp"],"assets/menu/제육볶음.webp":["assets/menu/제육볶음.webp"],"assets/menu/젤리.webp":["assets/menu/젤리.webp"],"assets/menu/조각케익.webp":["assets/menu/조각케익.webp"],"assets/menu/조각피자.webp":["assets/menu/조각피자.webp"],"assets/menu/조랭이떡국.webp":["assets/menu/조랭이떡국.webp"],"assets/menu/주스.webp":["assets/menu/주스.webp"],"assets/menu/진미채간장조림.webp":["assets/menu/진미채간장조림.webp"],"assets/menu/진미채무침.webp":["assets/menu/진미채무침.webp"],"assets/menu/진미채볶음.webp":["assets/menu/진미채볶음.webp"],"assets/menu/짜먹는요거트.webp":["assets/menu/짜먹는요거트.webp"],"assets/menu/짜장덮밥.webp":["assets/menu/짜장덮밥.webp"],"assets/menu/짜장면.webp":["assets/menu/짜장면.webp"],"assets/menu/짜장밥.webp":["assets/menu/짜장밥.webp"],"assets/menu/짜장오리불고기.webp":["assets/menu/짜장오리불고기.webp"],"assets/menu/짬뽕국.webp":["assets/menu/짬뽕국.webp"],"assets/menu/쫄면.webp":["assets/menu/쫄면.webp"],"assets/menu/쭈꾸미볶음.webp":["assets/menu/쭈꾸미볶음.webp"],"assets/menu/찐만두.webp":["assets/menu/찐만두.webp"],"assets/menu/찐빵.webp":["assets/menu/찐빵.webp"],"assets/menu/찰현미밥.webp":["assets/menu/찰현미밥.webp"],"assets/menu/찰흑미밥.webp":["assets/menu/찰흑미밥.webp"],"assets/menu/참나물무침.webp":["assets/menu/참나물무침.webp"],"assets/menu/참치김치찌개.webp":["assets/menu/참치김치찌개.webp"],"assets/menu/참치마요덮밥.webp":["assets/menu/참치마요덮밥.webp"],"assets/menu/참치야채비빔밥.webp":["assets/menu/참치야채비빔밥.webp"],"assets/menu/찹쌀도넛.webp":["assets/menu/찹쌀도넛.webp"],"assets/menu/찹쌀밥.webp":["assets/menu/찹쌀밥.webp"],"assets/menu/채소담은ABC.webp":["assets/menu/채소담은ABC.webp"],"assets/menu/청경채겉절이.webp":["assets/menu/청경채겉절이.webp"],"assets/menu/청경채나물.webp":["assets/menu/청경채나물.webp"],"assets/menu/청국장찌개.webp":["assets/menu/청국장찌개.webp"],"assets/menu/청포도.webp":["assets/menu/청포도.webp"],"assets/menu/청포묵무침.webp":["assets/menu/청포묵무침.webp"],"assets/menu/초코브라우니.webp":["assets/menu/초코브라우니.webp"],"assets/menu/초코우유.webp":["assets/menu/초코우유.webp"],"assets/menu/초코칩쿠키.webp":["assets/menu/초코칩쿠키.webp"],"assets/menu/초코케이크.webp":["assets/menu/초코케이크.webp"],"assets/menu/초콜릿우유.webp":["assets/menu/초콜릿우유.webp"],"assets/menu/총각김치.webp":["assets/menu/총각김치.webp"],"assets/menu/취나물.webp":["assets/menu/취나물.webp"],"assets/menu/츄러스.webp":["assets/menu/츄러스.webp"],"assets/menu/치즈불닭.webp":["assets/menu/치즈불닭.webp"],"assets/menu/치즈스틱.webp":["assets/menu/치즈스틱.webp"],"assets/menu/치즈타르트.webp":["assets/menu/치즈타르트.webp"],"assets/menu/치즈함박볶음밥.webp":["assets/menu/치즈함박볶음밥.webp"],"assets/menu/치커리사과샐러드.webp":["assets/menu/치커리사과샐러드.webp"],"assets/menu/치킨너겟_머스타드.webp":["assets/menu/치킨너겟_머스타드.webp"],"assets/menu/치킨마요덮밥.webp":["assets/menu/치킨마요덮밥.webp"],"assets/menu/치킨텐더_허니머스타드.webp":["assets/menu/치킨텐더_허니머스타드.webp"],"assets/menu/카레라이스.webp":["assets/menu/카레라이스.webp"],"assets/menu/카레밥.webp":["assets/menu/카레밥.webp"],"assets/menu/칼슘기장밥.webp":["assets/menu/칼슘기장밥.webp"],"assets/menu/칼슘찹쌀밥.webp":["assets/menu/칼슘찹쌀밥.webp"],"assets/menu/캐플음료.webp":["assets/menu/캐플음료.webp"],"assets/menu/컵과일.webp":["assets/menu/컵과일.webp"],"assets/menu/케이크.webp":["assets/menu/케이크.webp"],"assets/menu/코다리강정.webp":["assets/menu/코다리강정.webp"],"assets/menu/콘샐러드.webp":["assets/menu/콘샐러드.webp"],"assets/menu/콘치즈.webp":["assets/menu/콘치즈.webp"],"assets/menu/콩가루바나나.webp":["assets/menu/콩가루바나나.webp"],"assets/menu/콩가루배추국.webp":["assets/menu/콩가루배추국.webp"],"assets/menu/콩고물멸치볶음.webp":["assets/menu/콩고물멸치볶음.webp"],"assets/menu/콩나물겨자채.webp":["assets/menu/콩나물겨자채.webp"],"assets/menu/콩나물국.webp":["assets/menu/콩나물국.webp"],"assets/menu/콩나물김치국.webp":["assets/menu/콩나물김치국.webp"],"assets/menu/콩나물무침.webp":["assets/menu/콩나물무침.webp"],"assets/menu/콩나물밥_양념장.webp":["assets/menu/콩나물밥_양념장.webp"],"assets/menu/콩비지찌개.webp":["assets/menu/콩비지찌개.webp"],"assets/menu/콩자반.webp":["assets/menu/콩자반.webp"],"assets/menu/쿠키.webp":["assets/menu/쿠키.webp"],"assets/menu/크런치치킨.webp":["assets/menu/크런치치킨.webp"],"assets/menu/크로와상.webp":["assets/menu/크로와상.webp"],"assets/menu/크림스파게티.webp":["assets/menu/크림스파게티.webp"],"assets/menu/크림스프.webp":["assets/menu/크림스프.webp"],"assets/menu/크림치즈와플.webp":["assets/menu/크림치즈와플.webp"],"assets/menu/탕수육.webp":["assets/menu/탕수육.webp"],"assets/menu/탕평채.webp":["assets/menu/탕평채.webp"],"assets/menu/토마토샐러드.webp":["assets/menu/토마토샐러드.webp"],"assets/menu/토스트.webp":["assets/menu/토스트.webp"],"assets/menu/튀김만두.webp":["assets/menu/튀김만두.webp"],"assets/menu/파김치.webp":["assets/menu/파김치.webp"],"assets/menu/파닭_소스.webp":["assets/menu/파닭_소스.webp"],"assets/menu/파래자반.webp":["assets/menu/파래자반.webp"],"assets/menu/파인애플.webp":["assets/menu/파인애플.webp"],"assets/menu/파채.webp":["assets/menu/파채.webp"],"assets/menu/파프리카계란찜.webp":["assets/menu/파프리카계란찜.webp"],"assets/menu/파프리카잡채.webp":["assets/menu/파프리카잡채.webp"],"assets/menu/팥빙수.webp":["assets/menu/팥빙수.webp"],"assets/menu/팥빵.webp":["assets/menu/팥빵.webp"],"assets/menu/팥시루떡.webp":["assets/menu/팥시루떡.webp"],"assets/menu/팽이미소국.webp":["assets/menu/팽이미소국.webp"],"assets/menu/팽이버섯된장국.webp":["assets/menu/팽이버섯된장국.webp"],"assets/menu/포도주스.webp":["assets/menu/포도주스.webp"],"assets/menu/포도.webp":["assets/menu/포도.webp"],"assets/menu/포테이토샐러드.webp":["assets/menu/포테이토샐러드.webp"],"assets/menu/폭찹.webp":["assets/menu/폭찹.webp"],"assets/menu/풋고추찜.webp":["assets/menu/풋고추찜.webp"],"assets/menu/피자.webp":["assets/menu/피자.webp"],"assets/menu/하이라이스.webp":["assets/menu/하이라이스.webp"],"assets/menu/함박스테이크.webp":["assets/menu/함박스테이크.webp"],"assets/menu/핫도그_케첩.webp":["assets/menu/핫도그_케첩.webp"],"assets/menu/핫초코.webp":["assets/menu/핫초코.webp"],"assets/menu/해물까스_소스.webp":["assets/menu/해물까스_소스.webp"],"assets/menu/해물누룽지탕.webp":["assets/menu/해물누룽지탕.webp"],"assets/menu/해물볶음우동.webp":["assets/menu/해물볶음우동.webp"],"assets/menu/해물볶음.webp":["assets/menu/해물볶음.webp"],"assets/menu/해물스파게티.webp":["assets/menu/해물스파게티.webp"],"assets/menu/해물찜.webp":["assets/menu/해물찜.webp"],"assets/menu/해물파전.webp":["assets/menu/해물파전.webp"],"assets/menu/햄감자채볶음.webp":["assets/menu/햄감자채볶음.webp"],"assets/menu/햄치즈토스트.webp":["assets/menu/햄치즈토스트.webp"],"assets/menu/현미찹쌀밥.webp":["assets/menu/현미찹쌀밥.webp"],"assets/menu/호떡.webp":["assets/menu/호떡.webp"],"assets/menu/호박나물.webp":["assets/menu/호박나물.webp"],"assets/menu/호박새우젓볶음.webp":["assets/menu/호박새우젓볶음.webp"],"assets/menu/호박잎된장국.webp":["assets/menu/호박잎된장국.webp"],"assets/menu/혼합잡곡밥.webp":["assets/menu/혼합잡곡밥.webp"],"assets/menu/홍합미역국.webp":["assets/menu/홍합미역국.webp"],"assets/menu/황태미역국.webp":["assets/menu/황태미역국.webp"],"assets/menu/황태채계란국.webp":["assets/menu/황태채계란국.webp"],"assets/menu/흑미밥.webp":["assets/menu/흑미밥.webp"],"assets/menu/흰쌀밥.webp":["assets/menu/흰쌀밥.webp"],"assets/sab.jpg":["assets/sab.jpg"],"packages/cupertino_icons/assets/CupertinoIcons.ttf":["packages/cupertino_icons/assets/CupertinoIcons.ttf"]}